epoch,loss,lr,val-loss,train-planningADE,train-planningFDE,train-predictionADE,train-predictionFDE,val-planningADE,val-planningFDE,val-predictionADE,val-predictionFDE
1,38.752821150280184,0.0004,37.723263150169736,4.553742613111224,11.122145970662435,5.649403220131283,7.957907767522903,4.288700694129581,10.632506506783622,5.613696370806013,7.940864631107876
2,37.499299821399504,0.0004,37.16117204938616,4.125335080283029,10.385063125973655,5.614746332168579,7.940492777597337,4.055370819000971,10.212953204200382,5.6133569195157005,7.936210825329735
3,37.11839121863956,0.0004,36.87052917480469,3.89364683060419,9.798314503261022,5.615369762693133,7.944249175843739,3.992783773513067,10.044597671145485,5.611003943852016,7.930101065408616
4,36.8791077931722,0.0004,36.573795772734144,3.8749662921542214,9.666905834561302,5.617979322160993,7.9466851098196845,3.8069155443282354,9.550610451471238,5.618283566974458,7.938773177918934
5,36.244646072387695,0.0004,34.85397602262951,3.8834385871887207,9.57749555224464,5.599364405586606,7.9255285149528865,3.8349955536070324,9.783784026191348,5.530066240401495,7.9111895107087635
6,34.70137423560733,0.0004,33.21503076099214,3.8112034457070485,9.66110256740025,5.482623895009358,7.815212068103609,3.8977819624401273,9.9089005561102,5.320197707130795,7.71958605448405
7,33.15588042849586,0.0004,32.64701425461542,4.025012232008434,10.094110102880569,5.265859728767758,7.609399148396084,4.01155728385562,9.95603779384068,5.145795958382743,7.446101949328468
8,32.99393054417202,0.0004,32.14332035609654,3.9054675102233887,9.942509923662458,5.137905325208392,7.39764894757952,3.666872092655727,9.47956116994222,5.104320287704468,7.349218663715181
9,34.636204310825896,0.0004,35.40826497759138,3.606498513902937,9.358513446081252,5.4318850835164385,7.68849271819705,3.641774813334147,9.535807223547073,5.520839770634969,7.842250653675625
10,35.76871790204729,0.0004,35.74037897019159,3.763468765077137,9.487059729439872,5.596123922438848,7.928998424893334,4.140021471750169,10.113137426830473,5.573697169621785,7.906781809670584
11,35.76928302219936,0.00034,35.377682095482236,4.068316970552717,9.983214423769997,5.587498278844924,7.9237500712985085,3.897952976680937,9.757043407076882,5.57160024415879,7.907776662281582
12,35.585244587489534,0.00034,34.998294012887136,4.02557541075207,9.920567989349365,5.5825297718956355,7.913125321978614,3.8286196844918385,9.412010669708252,5.573628947848365,7.889061462311518
13,35.0783759525844,0.00034,34.91044562203543,3.9307467256273543,9.715729145776658,5.582112380436489,7.931795335951305,3.724630367188227,9.248695691426596,5.533822218577067,7.85816384497143
14,34.880493799845375,0.00034,32.701064155215306,3.8858024733407155,9.664159593128023,5.532727298282442,7.832233190536499,3.7719756421588717,9.44375721613566,5.205480620974586,7.522588446026757
15,32.05859747387114,0.00034,31.853921345302037,3.932894366128104,9.785590535118466,5.138337271554129,7.475591614132836,3.9726960886092413,9.782703581310454,5.039573306129093,7.412876742226737
16,31.336417970203218,0.00034,30.711911973499117,3.7847539470309304,9.443877288273402,5.012595880599249,7.323483387629191,3.697172528221494,9.462537697383336,4.94611382484436,7.233928566887265
17,30.673962456839426,0.00034,30.127695583161852,3.677605674380348,9.28299906140282,4.9480931758880615,7.252835795992897,3.566074223745437,9.234157584962391,4.84854625520252,7.130556004387992
18,31.977954047066824,0.00034,31.454260599045526,3.8724118982042586,9.45422547204154,4.9690132822309225,7.031560613995507,3.9240643864586238,9.764366263435,4.932564621879941,7.028765065329416
19,30.916046324230376,0.00034,30.017350650969007,3.8876953579130626,9.624404975346156,4.9357359409332275,7.097257364363897,3.772811469577608,9.5962298029945,4.869607039860317,7.1080149582454135
20,30.003322056361608,0.00034,29.22500301542736,3.803481635593233,9.524967466081891,4.8286395981198265,7.076776867821103,3.8485130241939,9.802445479801722,4.727128755478632,7.0019603570302325
21,29.68516463325137,0.00028900000000000003,29.344905762445357,3.864680290222168,9.626639570508685,4.737980445226033,6.968251273745582,3.948521852493286,9.95673467999413,4.68554779461452,6.830468552453177
22,29.303334372384207,0.00028900000000000003,28.999806494939897,3.941890217009045,9.764770371573311,4.713677519843692,6.943802288600376,4.039095004399617,9.971584933144706,4.689162640344529,6.99906189101083
23,29.66853664034889,0.00028900000000000003,29.051969391959055,3.9608408837091353,9.657373905181885,4.724536952518282,7.012007599785214,3.995456332252139,9.620706876118978,4.623155434926351,6.8174102533431284
24,29.000481741768972,0.00028900000000000003,28.68612879798526,3.952426104318528,9.598596073332287,4.611453987303234,6.83417991229466,4.238426174436297,10.002498921893892,4.549064216159639,6.740580695016043
25,28.934693291073753,0.00028900000000000003,27.906657900129044,4.001496167409988,9.658372402191162,4.584009919847761,6.797376802989414,3.9146669819241477,9.485884007953462,4.470829793385097,6.639247803460984
26,28.36402039300828,0.00028900000000000003,28.93801248641241,4.00355000722976,9.826143764314198,4.506711414882115,6.612344094685146,4.0669408185141425,9.611969993228005,4.435245127904983,6.541107382093157
27,28.69624964396159,0.00028900000000000003,27.6904266448248,4.1168372631073,10.007550284976052,4.456727958860851,6.525106520879836,3.9313122772035145,9.477116176060267,4.3665590570086525,6.361740078244891
28,27.568076133728027,0.00028900000000000003,27.23260870433989,3.991900568916684,9.813238075801305,4.401747572989691,6.384770302545457,4.040192967369443,9.719408080691384,4.353845238685608,6.376190548851376
29,27.379884719848633,0.00028900000000000003,27.39919698806036,3.8721455051785423,9.594980421520415,4.383850523403713,6.389445338930402,4.0290534950438,9.565505890619187,4.316872687566848,6.214074384598505
30,27.204235440208798,0.00028900000000000003,27.143664496285574,4.051563580830892,9.951228368849982,4.280785367602394,6.214496260597592,4.04362762541998,9.793298130943661,4.302107436316354,6.092769588742938
31,26.993127641223726,0.00024565000000000003,26.608678817749023,4.045769282749721,9.96915864944458,4.273103293918428,6.1642931415921165,3.690308275676909,9.07922245207287,4.243368035271054,6.14595585777646
32,26.28099809374128,0.00024565000000000003,25.55876350402832,3.8413519064585366,9.575714065915061,4.273498370533898,6.217539174216134,3.8455347447168258,9.494119008382162,4.155269878251212,6.018177077883766
33,25.942175728934153,0.00024565000000000003,25.69692648024786,4.047111023040045,10.106165431794667,4.186268704278128,6.056346416473389,4.032556193215506,10.003379049755278,4.15490398520515,6.002542052950178
34,25.857429050263903,0.00024565000000000003,25.648751667567662,3.914194549833025,9.821945599147252,4.223678361801874,6.116000720432827,3.734360252107893,9.501989864167713,4.1992662861233665,6.136759275481815
35,25.576886222476052,0.00024565000000000003,24.75610233488537,3.8170538402739025,9.652615547180176,4.195562816801525,6.124056350617182,3.7625845613933744,9.518879572550455,4.099678919428871,6.034861031032744
36,24.80148678734189,0.00024565000000000003,24.3957580384754,3.679900895981562,9.415154933929443,4.087783081190927,5.973977667944772,3.7410000505901517,9.695002147129603,4.029530990691412,5.932242518379574
37,24.883625893365767,0.00024565000000000003,24.445072537376767,3.5830352306365967,9.202802203950428,4.0725162256331675,5.980079412460327,3.7967651117415655,9.737469582330613,4.005398704892113,5.904058263415382
38,24.536937986101425,0.00024565000000000003,23.086542492821103,3.656080336797805,9.265255996159144,4.0341776212056475,5.913476058415005,3.6629200889950706,9.391523406619118,3.9056123892466226,5.8529324645087835
39,23.113138244265603,0.00024565000000000003,22.170953614371165,3.727045694986979,9.39454187665667,3.892473657925924,5.8308017537707375,3.791365373702276,9.677278427850633,3.776528278986613,5.794102748235066
40,22.016356014070055,0.00024565000000000003,21.599666232154483,3.6912067844754173,9.444095929463705,3.773691080865406,5.737323170616513,3.641373180207752,9.195795785813104,3.7259235495612737,5.722035090128581
41,21.45081701732817,0.00020880250000000002,22.248424530029297,3.7344980921064104,9.396712530226935,3.7419791164852323,5.771757404009501,3.651763189406622,9.19909313746861,3.8091726189567927,5.738941124507359
42,21.93307876586914,0.00020880250000000002,21.1509211403983,3.797922997247605,9.489901406424385,3.7832443373543874,5.75274087701525,3.6346739587329684,9.158524399711972,3.6640031167439053,5.6035914194016225
43,22.009244827997115,0.00020880250000000002,21.831559135800315,3.8265868028004966,9.603964056287493,3.7542182831537154,5.6326554616292315,3.7277060576847623,9.453568685622443,3.730347065698533,5.52444128763108
44,21.341907864525204,0.00020880250000000002,20.43983200618199,3.781137954621088,9.478104977380662,3.6335261946632746,5.56606768426441,3.7775122211092995,9.546159744262695,3.5905688206354776,5.633736644472394
45,20.59888994126093,0.00020880250000000002,22.684502737862722,3.7293317090897333,9.491342726207915,3.6385316848754883,5.566139641262236,3.949039164043608,9.823172251383463,4.022613536743891,5.986362865992954
46,20.636540095011394,0.00020880250000000002,19.806304250444686,3.7737839221954346,9.454686005910238,3.5917317186083113,5.460530559221904,3.8717448030199324,9.64532402583531,3.4990793069203696,5.41643382254101
47,21.028603281293595,0.00020880250000000002,19.61458583105178,3.7872687862032937,9.535079774402437,3.6525840759277344,5.540912435168312,3.52375746908642,8.92039698646182,3.43119147845677,5.374637444814046
48,19.811102231343586,0.00020880250000000002,19.599907057625906,3.8338735784803117,9.580059482937767,3.5235334975378856,5.47068360873631,3.714176234744844,9.265682424817767,3.542228176480248,5.476192059971037
49,19.486459550403413,0.00020880250000000002,18.928405353001185,3.7922675836653936,9.413605894361224,3.486523639588129,5.427440234592983,3.740610327039446,9.319348698570614,3.409075930005028,5.269587732496715
50,19.051462400527228,0.00020880250000000002,19.212452843075706,3.807467982882545,9.598884014856248,3.4014786992754256,5.298707138924372,3.7132578690846763,9.279622827257429,3.479528756368728,5.480940495218549
51,19.18369565691267,0.000177482125,18.484039760771253,3.708244880040487,9.217829340980167,3.444997787475586,5.4450611330214,3.605171214966547,9.223051389058432,3.3810472885767617,5.321632635025751
52,18.878295853024436,0.000177482125,18.69463943299793,3.7340506939660933,9.45363982518514,3.4308997903551375,5.3677288464137485,3.6154269604455855,9.152659711383638,3.4463918038776944,5.365621135348365
53,18.9762761252267,0.000177482125,19.122686658586776,3.631865898768107,9.080094428289504,3.4387763057436262,5.385020562580654,3.7502529280526296,9.55012457711356,3.383910678681873,5.261396266165233
54,18.56436606815883,0.000177482125,18.247549193246023,3.7104817572094144,9.411185696011497,3.3792820203871954,5.334002438045683,3.716353495915731,9.441498552049909,3.3130116235642206,5.217351039250691
55,18.11895670209612,0.000177482125,17.702830587114608,3.6219210511162165,9.211263157072521,3.353046803247361,5.308116782279241,3.6135001409621466,9.2132663272676,3.2764701956794378,5.214688641684396
56,18.245031175159273,0.000177482125,17.709550494239444,3.6932307538532076,9.283146971747989,3.3659214746384394,5.3078871340978715,3.6666665985470726,9.278517087300619,3.3177804492768788,5.262726068496704
57,17.97195843287877,0.000177482125,17.910321008591424,3.6667863527933755,9.185749122074672,3.334062076750256,5.309695811498733,3.7419614110674178,9.466914608365013,3.2769708803721835,5.180498991693769
58,17.81544054122198,0.000177482125,18.710894811721076,3.745869284584409,9.401647068205333,3.2889312278656733,5.249598202251253,3.745754945845831,9.30406836100987,3.380226277169727,5.340086113838923
59,18.13040628887358,0.000177482125,18.94037019638788,3.8352700982775008,9.568000816163563,3.3331073011670793,5.2777848697844005,3.6997847102937245,9.245192028227306,3.313611246290661,5.1898690064748125
60,18.241681598481676,0.000177482125,18.09979334331694,3.6629706223805747,9.109298683348156,3.321750657899039,5.311995313281105,3.7789868854341053,9.387191749754406,3.284063532238915,5.1829751786731535
61,17.3809662319365,0.00015085980625,17.505951608930314,3.6088645458221436,9.26110011055356,3.242028378304981,5.2428693373998,3.5796504701886858,9.124633017040434,3.2427535624731156,5.208051795051212
62,17.258763086228143,0.00015085980625,17.34549840291341,3.7616762093135288,9.570345333644322,3.2427035740443637,5.250218561717442,3.594085613886515,9.06122248513358,3.211605577241807,5.123384663036892
63,17.095128195626394,0.00015085980625,17.44204957144601,3.7088439805167064,9.260351703280495,3.214371505237761,5.188973347345988,3.583651962734404,8.997169449215843,3.2081920135588873,5.115799194290524
64,16.97090952736991,0.00015085980625,17.382355054219563,3.601633378437587,9.089816842760358,3.216339043208531,5.172519235383897,3.436597767330351,8.735047544751849,3.230382487887428,5.123624761899312
65,17.076243809291295,0.00015085980625,17.88438183920724,3.568479821795509,8.845484075092134,3.2351169983545938,5.2375094663529165,3.521761315209525,8.974331719534737,3.2080705790292647,5.106631477673848
66,17.115171250842867,0.00015085980625,17.53683072044736,3.6141865366981145,9.153040545327324,3.217311529886155,5.160030626115345,3.4780529340108237,8.905013379596529,3.218820713815235,5.069354221934364
67,16.77807753426688,0.00015085980625,17.16616289956229,3.6165920212155296,9.155369576953706,3.1774541650499617,5.116666254543123,3.521501041594006,8.89333338964553,3.1754431894847324,5.101701560474577
68,16.947690782092867,0.00015085980625,16.879489944094704,3.4799050262996127,8.68382047471546,3.2009200822739374,5.1409301701046175,3.4837883540562222,8.998953478676933,3.1661040726162137,5.081175474893479
69,16.988416399274552,0.00015085980625,17.351233391534713,3.6351680812381564,9.071936698186965,3.196337251436143,5.141519387563069,3.407041702951704,8.72626356851487,3.1736508210500083,5.0398160219192505
70,16.8239225205921,0.00015085980625,17.112072445097425,3.556737570535569,9.059893971397763,3.167749189195179,5.145605092956906,3.5529275281088695,8.96955699012393,3.174201976685297,5.076031423750377
71,16.720624469575426,0.00012823083531249998,17.50844078972226,3.639833779562087,9.285314650762649,3.1777588526407876,5.127260719026838,3.532054833003453,8.957177184876942,3.296156440462385,5.284609380222502
72,16.823330879211426,0.00012823083531249998,16.96293917156401,3.5917965344020297,9.003913811274938,3.2178169091542563,5.2236851169949485,3.581946021034604,9.099174227033343,3.1382352851686024,5.067395272709074
73,16.51893375033424,0.00012823083531249998,17.8592434383574,3.70199906258356,9.334358941941034,3.1496433189937045,5.135615013894581,3.4420361007962907,8.777809869675409,3.1945957456316267,5.041239778200786
74,16.520976202828543,0.00012823083531249998,16.433146476745605,3.4260577304022655,8.776667345137824,3.139752064432417,5.113545258839925,3.3946264414560225,8.684394359588623,3.09648136865525,5.031675111679804
75,16.047178767976305,0.00012823083531249998,15.985629127139138,3.4826610201881048,8.809819448561896,3.0843779756909324,5.070447535741897,3.262902089527675,8.390887373969669,3.050072675659543,5.002449461391994
76,16.080264545622327,0.00012823083531249998,16.688498269943963,3.445664473942348,8.65870848156157,3.1038292078744796,5.077423555510385,3.317169887678964,8.351003124600364,3.1736853463309154,5.135261087190537
77,16.348255520775204,0.00012823083531249998,16.204839661007835,3.460568110148112,8.869059767041888,3.112033003852481,5.073053399721782,3.3876574607122514,8.54917017618815,3.108507508323306,5.004501303037007
78,16.072818483625138,0.00012823083531249998,16.62137544722784,3.3246584619794572,8.39170928228469,3.098610128675188,5.062286558605376,3.284568224634443,8.206780320122128,3.215040644009908,5.162791308902559
79,16.236069906325568,0.00012823083531249998,17.15394487835112,3.4662255900246755,8.770156428927468,3.122027419862293,5.106118304388864,3.4141197318122503,8.427565052395774,3.174796564238412,5.055169900258382
80,16.022574788048153,0.00012823083531249998,16.670437812805176,3.3119205009369623,8.521733624594551,3.0922556888489496,5.07647164662679,3.3531610681897117,8.253380412147159,3.1568929922013056,5.14511425722213
81,16.403814134143648,0.00010899621001562498,16.410003207978747,3.3657868078776767,8.444151356106712,3.1607359250386557,5.17871295838129,3.3760271867116294,8.35693731762114,3.0384527217774164,4.948903963679359
82,16.05721836998349,0.00010899621001562498,15.890898068745932,3.269029827344985,8.390694754464286,3.100924264817011,5.097498836971464,3.2865323225657144,8.119428066980271,3.033024373508635,4.977021870158968
83,15.711144810631161,0.00010899621001562498,16.18019898732503,3.219792513620286,8.195145879473005,3.046723871004014,5.007871888932728,3.23832859311785,8.216841947464715,3.029396062805539,4.9165385734467275
84,15.470027923583984,0.00010899621001562498,16.09714008512951,3.218989604995364,8.0443328221639,3.0181572266987393,4.971027771631877,3.2671066238766624,8.185716992332821,3.0732676471982683,5.020683254514422
85,15.576751481919061,0.00010899621001562498,15.797215280078706,3.32719133581434,8.471397740500313,3.0372092496781122,4.990019349824815,3.3075076909292314,7.987152758098784,3.0196807327724637,4.9112435068402975
86,15.692580086844307,0.00010899621001562498,15.446117037818546,3.2033799035208568,8.17533776873634,3.0511295000712075,4.981923012506394,3.3336764119920277,8.139160088130406,2.965970504851568,4.856221488543919
87,15.735368410746256,0.00010899621001562498,14.985361144656228,3.3120426677522206,8.419089294615246,3.075440321649824,5.045630137125651,3.21263917854854,8.054160254342216,2.9455676759992326,4.919743095125471
88,15.442095438639322,0.00010899621001562498,15.468658447265625,3.199630686214992,7.968602793557303,3.0302026385352727,4.981220131828671,3.311274607976278,8.184637251354399,3.0050661052976335,4.965883834021432
89,15.191550527300153,0.00010899621001562498,15.066407339913505,3.252869799023583,8.065679595583962,2.980094035466512,4.926161942027864,3.280880394436064,8.06752688544137,2.9581851675396873,4.947272709437779
90,14.914805821010045,0.00010899621001562498,14.694205965314593,3.147600520224798,8.077618667057582,2.9749996662139893,4.958627939224243,3.1826200371696833,7.937372639065697,2.896791066442217,4.870389909971328
91,14.607186181204659,9.264677851328123e-05,14.865210760207404,3.1862886349360147,8.104118596939813,2.9251348291124617,4.881209980873835,3.2448672623861405,8.067506767454601,2.8946046375093006,4.8252906288419455
92,14.463782764616466,9.264677851328123e-05,14.562342734563918,2.988296622321719,7.692431904020763,2.9072714022227695,4.870368690717788,3.3155165115992227,8.140607266199021,2.873830954233805,4.842412823722476
93,14.349076271057129,9.264677851328123e-05,14.668366523016067,2.9440845251083374,7.431561606270926,2.8670402197610763,4.844349969001043,3.158933747382391,7.94474965050107,2.923049972170875,4.899244325501578
94,14.122673761276971,9.264677851328123e-05,14.361092294965472,3.0961264485404607,7.663798809051514,2.847239789508638,4.7918611991973155,3.375707978294009,8.270012719290596,2.8268156676065352,4.755948872793288
95,14.147175062270392,9.264677851328123e-05,14.679809343247186,3.060433098248073,7.746086438496907,2.8404054641723633,4.7989810818717595,3.358311721256801,8.381260894593739,2.8231184709639776,4.685118731998262
96,14.076654615856352,9.264677851328123e-05,14.238623528253465,3.0722867363975164,7.66438981464931,2.872078305199033,4.849920885903495,3.1814751341229393,8.115334964933849,2.819788308370681,4.763575797989255
97,13.882358414786202,9.264677851328123e-05,14.082818167550224,2.9496032680783952,7.566772256578718,2.8233539944603327,4.769863526026408,3.3278056269600276,7.94194830031622,2.801173982166109,4.739402419044858
98,13.739993640354701,9.264677851328123e-05,14.255505107697987,3.0858862627120245,7.86415788105556,2.805890128726051,4.754065598760333,3.239178078515189,8.182282629467192,2.784956381434486,4.6736747196742465
99,13.653900464375814,9.264677851328123e-05,13.739847819010416,3.1141049634842646,7.775779928479876,2.773722847302755,4.713295045353117,3.1538091670899164,8.069444202241444,2.7681073461260115,4.710956511043367
100,13.570352781386603,9.264677851328123e-05,13.750509171258836,2.8090827919188,7.082718167986188,2.790557549113319,4.756639667919704,3.1877343143735613,8.129688035874139,2.772227798189436,4.687768396877107
101,13.438997722807384,7.874976173628905e-05,13.775251025245304,3.0802163737160817,7.83136899130685,2.7576867171696255,4.719464881079538,3.040697449729556,7.818337463197254,2.7841479097093855,4.721637810979571
102,13.41993572598412,7.874976173628905e-05,13.830574580601283,2.845935997508821,7.398803824470157,2.7491370098931447,4.687249439103263,3.1097928910028365,7.908566747392927,2.77445680186862,4.729912865729559
103,13.14689168475923,7.874976173628905e-05,13.260195005507697,3.0052207310994468,7.879558177221389,2.725538310550508,4.675351256415958,2.995341420173645,7.756701810019357,2.7010567585627236,4.576729944774082
104,13.281992957705544,7.874976173628905e-05,13.135067213149298,2.9406376225607738,7.487409954979306,2.7304594289688837,4.670957372302101,3.1239166600363597,7.62354360307966,2.6982609147117254,4.617108640216646
105,13.078122820172991,7.874976173628905e-05,13.591958999633789,3.1424899895985923,8.083330313364664,2.681418708392552,4.599825807980129,3.048949201901754,7.837093330564953,2.704711357752482,4.614211962336586
106,12.949576741173153,7.874976173628905e-05,13.121407100132533,3.089211492311387,7.846007256280808,2.6681370451336814,4.584334118025644,3.174573921021961,7.842680045536587,2.683309174719311,4.611051184790475
107,12.45347463516962,7.874976173628905e-05,12.73081516084217,2.9734227997916087,7.610478264944894,2.6251969507762363,4.576873563584828,3.06552521387736,7.838254338219052,2.6268387749081565,4.549225687980652
108,12.326357432774135,7.874976173628905e-05,12.793079376220703,2.9070585455213274,7.560946033114479,2.599763762383234,4.534930842263358,2.8895701737630937,7.440546444484165,2.582078456878662,4.462258685202825
109,12.426059904552641,7.874976173628905e-05,12.278512091863723,2.898892192613511,7.49165203457787,2.5757893380664645,4.4702408994947165,2.9428090197699412,7.621266024453299,2.5482455492019653,4.460033587047032
110,12.079296657017299,7.874976173628905e-05,11.966759931473504,2.9597036157335554,7.562567302158901,2.538374514806838,4.4155755667459395,2.8912845112028576,7.521571704319546,2.482378885859535,4.343368479183742
111,11.766772406441826,6.693729747584569e-05,12.122328077043806,2.9228928429739818,7.491304147811163,2.484087115242368,4.366123466264634,2.868511898177011,7.507830120268322,2.526067478316171,4.39321429956527
112,11.512104715619769,6.693729747584569e-05,11.695862543015252,2.8564605031694685,7.461092449369884,2.4535987433933077,4.335406445321583,2.870140966914949,7.310056005205427,2.4663166034789312,4.343668335960025
113,11.44098443076724,6.693729747584569e-05,11.776241711207799,2.867230460757301,7.322873319898333,2.437790478978838,4.302800161497934,2.830436524890718,7.386995815095448,2.440840448651995,4.293696153731573
114,11.494768528711228,6.693729747584569e-05,11.497373671758742,2.914632133075169,7.535636969975063,2.4307041452044533,4.277967055638631,2.946663016364688,7.655970391773042,2.4380504119963873,4.3066690762837725
115,11.207189060392833,6.693729747584569e-05,12.071647916521345,2.86030037630172,7.376479126158214,2.411798806417556,4.286044750894819,2.7593429485956826,7.223789555685861,2.4199080694289434,4.230426459085374
116,11.299316951206752,6.693729747584569e-05,11.417920248849052,2.9771574962706793,7.852375416528611,2.386260810352507,4.226722353980655,2.7357916718437556,7.115825403304327,2.4210194746653237,4.272256675220671
117,10.913715453374953,6.693729747584569e-05,12.042210374559675,2.7667204311915805,7.225209145318894,2.3601908570244197,4.237135909852528,2.6652890614100864,7.098419234866188,2.4219086397261846,4.22926660378774
118,10.829491569882347,6.693729747584569e-05,11.203336443219866,2.6455423207510087,6.875983351752872,2.347774999482291,4.20390264193217,2.815997248604184,7.354904833294096,2.3429930323646184,4.15843373253232
119,10.789859726315452,6.693729747584569e-05,11.693308194478353,2.7889985073180426,7.2546070870899015,2.3193674882253013,4.163755076272147,2.8137935400009155,7.234737282707577,2.454559093429929,4.283487109910874
120,10.757385049547468,6.693729747584569e-05,10.566168330964588,2.7195363498869396,6.966615563347226,2.333211001895723,4.1763713246300105,2.7495653742835637,7.293344270615351,2.2744693699337186,4.119077614375523
121,10.60375383922032,5.689670285446883e-05,10.663268906729561,2.7031404347646806,6.972910812922886,2.3107494513193765,4.176524219058809,2.6849895942778814,7.095781167348226,2.299649301029387,4.16879453545525
122,10.40539873213995,5.689670285446883e-05,10.711857341584706,2.785448119753883,7.048234757922945,2.2881148769741966,4.166721434820266,2.67615761075701,7.033419245765323,2.30508976323264,4.163833839552743
123,10.295410133543468,5.689670285446883e-05,10.696643715813046,2.702711820602417,6.945388476053874,2.2713389907564436,4.118777360234942,2.7894638776779175,7.197000049409413,2.3060565903073265,4.141731983139401
124,10.10258876709711,5.689670285446883e-05,10.511986687069847,2.745073301451547,7.134454908825102,2.2339873086838495,4.093916183426266,2.66192018418085,6.9401874996366955,2.251747171084086,4.109863797823588
125,10.06079455784389,5.689670285446883e-05,10.503356343223935,2.7274473167601085,6.94320061093285,2.229842225710551,4.062864797455924,2.677591698510306,7.160218170710972,2.2353545086724416,4.039935350418091
126,9.98504452478318,5.689670285446883e-05,10.414142290751139,2.8111304328555153,7.314049947829473,2.211758097012838,4.080577674366179,2.6715871606554304,6.954384633472988,2.2274864741734097,4.060935491607303
127,9.812669504256476,5.689670285446883e-05,10.193200247628349,2.734598914782206,7.137048789433071,2.178815381867545,4.010697103682018,2.645739731334505,7.052445048377628,2.176376916113354,3.9860501232601346
128,9.985955102103096,5.689670285446883e-05,10.236273470379057,2.8063190437498546,7.115859417688279,2.2125159161431447,4.034837677365258,2.6717810403733027,7.174474398295085,2.18520534606207,4.005397700128102
129,9.87416124343872,5.689670285446883e-05,9.960493337540399,2.571033386957078,6.743434860592797,2.192753865605309,4.037424206733704,2.6164698657535372,6.85865915389288,2.1591732445217313,3.9811143477757773
130,9.632989315759568,5.689670285446883e-05,10.092953273228236,2.6229051919210526,6.8565481049673895,2.1571944611413136,3.989506165186564,2.6011924630119685,6.798184008825393,2.1897987070537748,4.038790804999215
131,9.642456508818126,4.8362197426298504e-05,10.037087667556037,2.700125262850807,7.133233410971505,2.177902198973156,4.010557027090163,2.5442079475947788,6.807219709668841,2.152362380708967,3.955252698489598
132,9.666911624726795,4.8362197426298504e-05,10.08601915268671,2.7697362899780273,7.023611954280308,2.152443516822088,3.979819905190241,2.772009787105379,7.334873176756359,2.1300966569355557,3.9326199293136597
133,9.716280051640101,4.8362197426298504e-05,9.981752304803758,2.7667907930555797,6.995633897327242,2.1368932269868397,3.9884962297621227,2.730758343424116,7.236445392881121,2.117571751276652,3.926080618585859
134,9.931456043606712,4.8362197426298504e-05,10.46061910901751,2.8659161045437767,7.1867766834440685,2.1571805533908663,3.988064692133949,2.841241325650896,7.601850214458647,2.163143373671032,3.969256349972316
135,9.765622002737862,4.8362197426298504e-05,10.06374892734346,2.917271091824486,7.269044512794132,2.1432425067538308,3.9805041324524653,2.7117983613695418,7.249538012913296,2.141808805011568,3.934047364053272
136,9.80506299790882,4.8362197426298504e-05,9.839563210805258,2.8225982927140736,7.093407562800816,2.1484414566130865,4.017682972408476,2.733236102830796,7.35670975276402,2.1203102441061112,3.9366822185970487
137,9.699473085857573,4.8362197426298504e-05,9.509832473028274,2.8852155946549916,7.346081052507673,2.139078452473595,4.012403334890093,2.6825791597366333,7.107250213623047,2.1063763414110457,3.9147533745992753
138,9.429535161881219,4.8362197426298504e-05,9.504931404477073,2.7234688940502347,7.0649820282345726,2.12362962109702,3.979217211405436,2.6465014048985074,7.1252797331128805,2.0832191421872093,3.9024126075562977
139,9.304416179656982,4.8362197426298504e-05,9.530607291630336,2.8679420210066295,7.098720187232608,2.1043371018909274,3.9520853417260304,2.6448546591259183,7.1087737764631,2.07532829330081,3.877230542046683
140,9.244185742877779,4.8362197426298504e-05,9.556992031279064,2.722911624681382,6.952884901137579,2.0843148288272677,3.925093446459089,2.6304502146584645,6.97305238814581,2.069510266894386,3.8438633339745656
141,9.501051721118746,4.110786781235373e-05,9.39661795752389,2.812812464577811,6.994103113810222,2.091098195030576,3.9235694067818776,2.509931524594625,6.62278812272208,2.079253770056225,3.8966047196161178
142,9.336265722910563,4.110786781235373e-05,9.65828307469686,2.6385334843680974,6.764954589662098,2.1058915967033025,3.979981552986872,2.512318105924697,6.694709096636091,2.114457896777562,3.90111700126103
143,9.41217665445237,4.110786781235373e-05,9.133225577218193,2.6214639856701805,6.677523499443417,2.1082185052690052,3.9585754019873485,2.430053120567685,6.39515445345924,2.0603443327404203,3.845699355715797
144,9.146863551366897,4.110786781235373e-05,9.145762625194731,2.535805895214989,6.457084224337623,2.0758927152270363,3.902063074566069,2.438346255393255,6.363177049727667,2.025478306270781,3.8095279194059826
145,9.043321473257881,4.110786781235373e-05,9.029834883553642,2.6256519896643504,6.548134905951364,2.053360763050261,3.8880817549569264,2.4722777605056763,6.536211831229074,2.012645403544108,3.783921037401472
146,9.045357340858097,4.110786781235373e-05,9.086660680316744,2.5725278854370117,6.7396596272786455,2.043392289252508,3.8748309782573154,2.483357690629505,6.563645748865037,2.0028768266950334,3.7684818846838817
147,8.978385720934186,4.110786781235373e-05,8.895451954432897,2.497620117096674,6.59613155183338,2.047335834730239,3.89106585865929,2.4936818849472773,6.55551864987328,1.9867425929932367,3.7668168204171315
148,8.792076587677002,4.110786781235373e-05,8.759405908130464,2.5537469557353427,6.5519961175464445,2.011210861660185,3.8279650722231184,2.4082385017758323,6.321950526464553,1.9845342181977772,3.7480002528145198
149,8.803820019676571,4.110786781235373e-05,8.89109620593843,2.600108754067194,6.469880353836786,2.0195510046822682,3.8535067240397134,2.4861217112768266,6.669152282533192,1.9752620401836576,3.7441786300568354
150,8.82911389214652,4.110786781235373e-05,9.048683280036563,2.594898842629932,6.732093981334141,2.020542400223868,3.8249802873248147,2.475106409617833,6.427860963912237,2.0092154003324962,3.7701583078929355
151,8.677921045394172,3.494168764050067e-05,9.032000564393543,2.6018423579988026,6.468527544112432,2.006964019366673,3.8319218953450522,2.420773012297494,6.324051312037876,1.9973484731855846,3.766888726325262
152,8.809098879496256,3.494168764050067e-05,9.313184670039586,2.596380580039251,6.6281889733814054,2.009106857436044,3.7808287257239934,2.521618201619103,6.353236550376529,2.0432052271706715,3.811666738419306
153,8.918978032611665,3.494168764050067e-05,9.726923079717727,2.5179947217305503,6.516540640876407,2.0229721693765548,3.818973881857736,2.5346659251621793,6.484323501586914,2.105091543424697,3.9085576761336553
154,8.803976626623244,3.494168764050067e-05,9.44688417797997,2.506054009710039,6.593639441898891,2.009007391475496,3.7876304388046265,2.5268194675445557,6.5310532706124445,2.0597684496924993,3.8386405933470953
155,8.615778219132196,3.494168764050067e-05,9.254068874177479,2.4719750994727727,6.2277277537754605,1.9775449151084536,3.771590999194554,2.417063627924238,6.277636982145763,2.0179646071933566,3.76076408794948
156,8.5014830998012,3.494168764050067e-05,9.399640719095865,2.489041879063561,6.275809991927374,1.9552382230758667,3.7342625969932195,2.5032711029052734,6.388627472377959,2.0407475460143316,3.8154624587013606
157,8.50562572479248,3.494168764050067e-05,8.99592737924485,2.5672537031627836,6.544277645292736,1.9679463023231143,3.7373370840435935,2.4547620444070724,6.324244590032668,2.0225529897780645,3.775947707039969
158,8.43171367191133,3.494168764050067e-05,9.08825040998913,2.5181132441475276,6.512006067094349,1.9655948196138655,3.749011368978591,2.482786388624282,6.4216264088948565,2.0112983783086142,3.7946081275031682
159,8.481582459949312,3.494168764050067e-05,8.650828316098167,2.5544923430397395,6.633476121085031,1.9697713880311876,3.738061246417818,2.401013414065043,6.23727137701852,1.9564565533683413,3.7168646312895275
160,8.29206895828247,3.494168764050067e-05,8.966024807521276,2.5580630756559826,6.6839349156334285,1.9334770611354284,3.707926727476574,2.506241412389846,6.453180244990757,1.979099188532148,3.7320837009520758
161,8.259284950438,2.9700434494425567e-05,9.009867418380011,2.513840675354004,6.586026237124488,1.9220472631000338,3.706187645594279,2.5101681663876487,6.562677110944476,2.0032559633255005,3.7975427423204695
162,8.427654902140299,2.9700434494425567e-05,9.033229805174328,2.5215199220748175,6.247667937051682,1.9174804460434687,3.6881227550052462,2.456848729224432,6.289375577654157,2.007252409344628,3.810453102702186
163,8.380337419964018,2.9700434494425567e-05,8.95099939618792,2.5724337838944935,6.443171546572731,1.9442692995071411,3.749275576500666,2.4497914711634317,6.319873900640578,1.9895139535268147,3.776257384391058
164,8.329610847291493,2.9700434494425567e-05,8.925013133457728,2.6440059060142156,6.500335829598563,1.9302029325848533,3.699303530511402,2.4566907598858787,6.384674480983189,2.0073531355176653,3.8119226750873385
165,8.299083573477608,2.9700434494425567e-05,9.02054044178554,2.625183423360189,6.529460169020153,1.9310713211695354,3.733328785215105,2.5096058618454706,6.53805566969372,2.0060443651108515,3.8198343004499162
166,8.439326399848575,2.9700434494425567e-05,8.811612992059617,2.5076046671186174,6.34924993060884,1.947329697154817,3.727655609448751,2.3874901760192144,6.190527212052118,1.9461518355778284,3.731973579951695
167,8.288231895083474,2.9700434494425567e-05,8.596089703696114,2.401647993496486,6.10426512218657,1.9125658500762213,3.6753646419161843,2.4146873837425593,6.297309875488281,1.9360990126927693,3.722807151930673
168,8.158652396429153,2.9700434494425567e-05,8.660614831107003,2.50933867976779,6.4128021739778065,1.8964753519921076,3.666051745414734,2.451808214187622,6.409444400242397,1.9304190703800745,3.7184651352110363
169,8.185765062059675,2.9700434494425567e-05,8.683690343584333,2.5335504100436257,6.43931980360122,1.905472959790911,3.7003341856456937,2.480430182956514,6.388059275490897,1.9350883875574385,3.7123162121999833
170,8.162971155984062,2.9700434494425567e-05,8.598648502713157,2.4225652558462962,6.199567261196318,1.8934286265146165,3.6758940503710793,2.4865765401295254,6.480245453970773,1.9117972879182725,3.693940066155933
171,8.112598237537203,2.524536932026173e-05,8.247862997509184,2.5047876834869385,6.5599761463346935,1.8846499522527058,3.6450242598851523,2.4567548490705944,6.374110380808513,1.8705385639553977,3.6482737972622825
172,8.173946017310733,2.524536932026173e-05,8.310865356808616,2.51433949811118,6.370664494378226,1.8845559699194772,3.6463605846677507,2.4378050508953275,6.159246263049898,1.8664900688897996,3.6183949879237582
173,8.167132922581263,2.524536932026173e-05,8.366994494483585,2.474822691508702,6.231355303809757,1.898947244598752,3.6914299612953547,2.407266372726077,6.239050433749244,1.8806672181401933,3.6411237773441134
174,8.104040554591588,2.524536932026173e-05,8.340615613119942,2.3888254108883085,6.075597763061523,1.8832406657082694,3.6665323234739757,2.5447799421492077,6.5523247718811035,1.8910164549237205,3.657632816405523
175,8.00682848975772,2.524536932026173e-05,8.079315253666469,2.4191425300779796,6.021577687490554,1.8777738185155959,3.6600571132841564,2.4146827970232283,6.3038419995989114,1.8436087795666285,3.599279284477234
176,8.001759619939895,2.524536932026173e-05,8.143790063403902,2.4756522519247874,6.38900747753325,1.8637713250659762,3.635098008882432,2.379361005056472,6.162612052190871,1.854546314194089,3.619848750886463
177,7.975499107724144,2.524536932026173e-05,8.114049729846773,2.347156870932806,6.155436572574434,1.8652791238966442,3.6293618111383346,2.4174121731803533,6.301355066753569,1.8368360371816725,3.5930279890696206
178,7.8566431772141225,2.524536932026173e-05,8.264105842227028,2.3933265890393938,6.082923366909935,1.853793734595889,3.631648063659668,2.4436345724832442,6.319034190404983,1.8390811880429585,3.5830804961068288
179,7.867032505217052,2.524536932026173e-05,8.15809238524664,2.490436145237514,6.4931922526586625,1.8471835965201968,3.58989873954228,2.431605327697027,6.237358433859689,1.8230042145365761,3.5783412797110423
180,7.854042416527157,2.524536932026173e-05,8.143083617800759,2.394010277021499,6.140193598611014,1.841013599009741,3.605417399179368,2.3436164061228433,6.086459659394764,1.829394056683495,3.5741774297895885
181,7.813674745105562,2.145856392222247e-05,8.17965266818092,2.4322566929317655,6.1381462301526755,1.84067344949359,3.584696576708839,2.4611640657697404,6.349900495438349,1.8339728656269254,3.5774575074513755
182,7.898237591698056,2.145856392222247e-05,8.195559955778576,2.4067431801841375,6.375963858195713,1.8338325421015422,3.580833701860337,2.416919776371547,6.212986196790423,1.8403066595395405,3.5844736099243164
183,7.898612590063186,2.145856392222247e-05,8.095376264481317,2.4874278023129417,6.3151602517990835,1.831514420963469,3.585802469934736,2.3854716221491494,6.148935794830322,1.817858650570824,3.546710939634414
184,7.825772421700614,2.145856392222247e-05,8.097391332898821,2.49212114016215,6.377996353876023,1.8239827241216386,3.5588366871788386,2.4043960514522733,6.215530554453532,1.837893784046173,3.59473903406234
185,7.8250846181597025,2.145856392222247e-05,8.033835910615467,2.395616446222578,6.114331517900739,1.8316426844823928,3.595303620610918,2.3249480440503074,5.884320327213833,1.8366240546816872,3.5851460014070784
186,7.771745613643101,2.145856392222247e-05,7.790758836837042,2.379741986592611,5.97900170371646,1.823832923457736,3.5698698929377963,2.385675174849374,6.0829837662833075,1.8052067926951818,3.5453277031580606
187,7.691502162388393,2.145856392222247e-05,7.794237590971447,2.3711447431927635,6.0747776712690085,1.8198501609620594,3.5363653671173823,2.4217083056767783,6.174030110949562,1.8014280171621413,3.53326606182825
188,7.659648600078764,2.145856392222247e-05,7.88761704308646,2.4910445724214827,6.203028077170963,1.8099726779120309,3.549879936944871,2.391600097928728,6.1388812973385765,1.7989058920315333,3.5408937476930165
189,7.658151830945696,2.145856392222247e-05,7.97757675534203,2.4392881336666288,6.323955059051514,1.803199657372066,3.5497724328722273,2.3828133798780895,6.165533315567743,1.8132149605523973,3.548798544066293
190,7.624841712770008,2.145856392222247e-05,7.823890095665341,2.326680365062895,5.906865630831037,1.809555158728645,3.5498081275394986,2.370474548566909,6.071756408328102,1.8017194668451946,3.5410762514386858
191,7.604095686049688,1.82397793338891e-05,7.605954351879301,2.4764407589322044,6.244240579150972,1.7906020879745483,3.5377506642114547,2.3668306384767805,6.0283628191266745,1.7784649247214908,3.516258160273234
192,7.568356082552955,1.82397793338891e-05,7.738843282063802,2.4529707431793213,6.317904585883731,1.7862433819543748,3.525104630561102,2.37597119808197,6.152269227164132,1.7832875336919511,3.5061142501376925
193,7.468768392290388,1.82397793338891e-05,7.7514460654485795,2.4784764789399647,6.295823324294317,1.7745197358585538,3.5118625391097296,2.380520883060637,6.088755153474354,1.782345862615676,3.506287478265308
194,7.529998597644624,1.82397793338891e-05,7.6632843017578125,2.318047495115371,5.777288232530866,1.7782526016235352,3.4954083533514115,2.386199031557356,6.120333081200009,1.7741330890428453,3.503785263924372
195,7.507922217959449,1.82397793338891e-05,7.696888128916423,2.4769233805792674,6.1961653005509145,1.7820327338718234,3.5220105875106085,2.3884393941788447,6.040610495067778,1.7912874250184923,3.5295473621005105
196,7.437902791159494,1.82397793338891e-05,7.656216167268299,2.4616649661745345,6.149675187610445,1.7669740972064791,3.5110032785506475,2.3923272575650896,5.993090992882138,1.7873984745570592,3.5199870949699763
197,7.5458843140375045,1.82397793338891e-05,7.788448810577393,2.4793656440008256,6.166376636141822,1.776531369913192,3.4914196275529408,2.4221549374716624,6.020320029485793,1.7961219747861226,3.5224552268073674
198,7.444078513554165,1.82397793338891e-05,7.7068862687973745,2.516397135598319,6.35766213280814,1.761662979920705,3.4592963400341215,2.437972801072257,6.10886355808803,1.7853397613479978,3.530314666884286
199,7.437128067016602,1.82397793338891e-05,7.765066805339995,2.500263208434695,6.365607034592402,1.759348213672638,3.446574676604498,2.4121922027497065,6.014238754908244,1.7888362152235848,3.5054371527263095
200,7.39315550667899,1.82397793338891e-05,7.6707968938918345,2.3574861458369663,5.846477190653483,1.7572250735192072,3.464778196244013,2.439910951114836,6.022362936110723,1.7924368807247706,3.5162112712860107
201,7.402555851709275,1.5503812433805734e-05,7.44233835311163,2.395962334814526,6.160821460542225,1.7695338442212059,3.490648002851577,2.313144013995216,5.781455346516201,1.7442480410848344,3.455339936983018
202,7.334082013084775,1.5503812433805734e-05,7.448056357247489,2.4253309965133667,6.031850769406273,1.7558440679595584,3.4679091998509,2.340849240620931,5.879720086143131,1.7446723069463457,3.451506631714957
203,7.340903622763498,1.5503812433805734e-05,7.599917661576044,2.4069579612641108,6.074455465589251,1.7520673189844405,3.4864094143822077,2.337731191090175,5.8588715848468595,1.7560213009516399,3.462999735559736
204,7.326649438767206,1.5503812433805734e-05,7.585199310666039,2.4471369924999418,6.022589025043306,1.7394560291653587,3.449613962854658,2.379232168197632,5.896956307547433,1.7546464261554537,3.4623067322231473
205,7.317324956258138,1.5503812433805734e-05,7.648631413777669,2.4293994108835855,5.96625492686317,1.7494099651064192,3.4564119577407837,2.34491034916469,5.824489979516892,1.7622384514127458,3.4671353896458945
206,7.345666908082508,1.5503812433805734e-05,7.678864410945347,2.59763465041206,6.472426959446499,1.7432030070395697,3.440284178370521,2.366023438317435,5.983887377239409,1.7686309615770976,3.4847934189296903
207,7.233768508547828,1.5503812433805734e-05,7.699247587294805,2.368468647911435,5.936777523585728,1.7254750501541865,3.434352301415943,2.4095809686751593,6.088845025925409,1.7728846725963412,3.4899028880255565
208,7.288012209392729,1.5503812433805734e-05,7.4758811224074595,2.380788519268944,6.072552522023519,1.7233275458926247,3.43117242200034,2.405762581598191,6.037354094641549,1.7398770706994193,3.454705522173927
209,7.318624292101179,1.5503812433805734e-05,7.578186557406471,2.38540358202798,6.196574301946731,1.735529669693538,3.4378433908735,2.3690421978632608,5.916009675888788,1.7443026786758786,3.4422949836367653
210,7.303375266847157,1.5503812433805734e-05,7.551231316157749,2.4234455880664645,6.212760925292969,1.7279849024046035,3.421602663539705,2.358280198914664,5.83105358623323,1.7417582528931754,3.4396371444066367
211,7.246341909681048,1.3178240568734873e-05,7.589514823186965,2.481900794165475,6.116831983838763,1.727741198880332,3.42617822828747,2.357929757663182,5.986104738144648,1.7374243367285955,3.4275316567648026
212,7.266583737872896,1.3178240568734873e-05,7.499558221726191,2.5946264323734103,6.3316926047915505,1.7191696025076366,3.4049755334854126,2.3793559131168185,5.901478483563378,1.7271519360088168,3.429558197657267
213,7.226732594626291,1.3178240568734873e-05,7.45853378659203,2.3703761781964983,6.112112136114211,1.713773324376061,3.4196909268697104,2.3904894306546165,5.92074643997919,1.731134567941938,3.4282726730619157
214,7.1950335048493885,1.3178240568734873e-05,7.5314189820062545,2.2832574106398082,5.800751595270066,1.7144189533733187,3.4055616515023366,2.3841311931610107,5.8517754532042,1.7283341998145694,3.429073969523112
215,7.1813607442946665,1.3178240568734873e-05,7.430603867485409,2.425506796155657,5.9823405629112605,1.7210433114142645,3.426145394643148,2.3770939225242254,5.852749710991269,1.7206617991129558,3.409488320350647
216,7.145265465690976,1.3178240568734873e-05,7.416170097532726,2.4920311995915005,6.268379256838844,1.703245290688106,3.3838153226034984,2.345765914235796,5.875905014219738,1.717659348533267,3.399682601292928
217,7.109506130218506,1.3178240568734873e-05,7.5337700843811035,2.3609895535877774,6.02297314008077,1.7062402310825528,3.3972140493847074,2.3257510435013544,5.753866786048526,1.7273759728386289,3.4149653741291592
218,7.158136208852132,1.3178240568734873e-05,7.427398341042655,2.4901981978189376,6.338187331245059,1.715573685509818,3.410771540233067,2.339151916049776,5.8053059577941895,1.7146837200437273,3.3943604912076677
219,7.194022746313186,1.3178240568734873e-05,7.334028720855713,2.4388093664532615,6.252986680893671,1.699959709530785,3.3857316005797613,2.3491475184758506,5.835198084513347,1.698326295330411,3.3790024462200345
220,7.139522098359608,1.3178240568734873e-05,7.401960577283587,2.418115576108297,6.116301207315354,1.702198516754877,3.3968738544554937,2.3550171000616893,5.847982849393572,1.7174089096841358,3.4019790604001
221,7.092350823538644,1.1201504483424643e-05,7.438733850206647,2.3415769168308804,5.857648032052176,1.7045759587060838,3.4005712497802008,2.3043882165636336,5.720120622998192,1.725319782892863,3.414392352104187
222,7.1279189473106745,1.1201504483424643e-05,7.360413619450161,2.3324237210409984,5.997372332073393,1.7069359790711176,3.4072560412543162,2.3546498275938488,5.799112785430181,1.7034766191527957,3.3934945662816367
223,7.090499514625186,1.1201504483424643e-05,7.395251274108887,2.3571419829414006,5.751217138199579,1.7026682723136175,3.394104140145438,2.349587809471857,5.820841346468244,1.6971545645168848,3.3700170630500432
224,7.132955119723365,1.1201504483424643e-05,7.446178209213984,2.447235141481672,6.2971379189264205,1.6984193750790186,3.3536565530867803,2.4126902364549183,5.9584019638243175,1.7271616544042314,3.431243379910787
225,7.072416578020368,1.1201504483424643e-05,7.389402843656994,2.4667807647160123,6.011001825332642,1.6961327762830825,3.36805268128713,2.391669897806077,5.919748828524635,1.7051225389753069,3.379140717642648
226,7.073644865126837,1.1201504483424643e-05,7.41591891788301,2.533847990490141,6.218414238521031,1.6931593077523368,3.3682324716023038,2.3545788129170737,5.80172111874535,1.7057269187200637,3.388053053901309
227,7.033705211821056,1.1201504483424643e-05,7.317731266929989,2.3691936333974204,5.9722578184945245,1.6968446402322679,3.363272195770627,2.381569953191848,5.811400345393589,1.6912003273055667,3.3595538309642246
228,7.081270149775913,1.1201504483424643e-05,7.30243748710269,2.488221531822568,6.165600322541737,1.6788937619754247,3.3291023231688,2.335580593063718,5.771936711810884,1.6905859935851324,3.365584753808521
229,7.016145660763695,1.1201504483424643e-05,7.333456243787493,2.374876646768479,5.757851759592692,1.6799862413179307,3.358157367933364,2.4214685474123274,5.990143594287691,1.7036387579781669,3.378223175094241
230,7.007421720595587,1.1201504483424643e-05,7.29028184073312,2.4432867822192965,5.975296565464565,1.6857649343354362,3.353868257431757,2.398716688156128,5.912427357264927,1.7001804964882987,3.367424879755293
231,7.002167906079974,9.521278810910946e-06,7.302816527230399,2.288482677368891,5.831279357274373,1.6693537774540128,3.3455204566319785,2.370069316455296,5.854174557186308,1.6921216646830242,3.3555761802764166
232,6.992596887406849,9.521278810910946e-06,7.2879775592259,2.2983464286440896,5.727160726274763,1.6677486953281222,3.3107865992046537,2.352149242446536,5.878507296244304,1.6887919902801514,3.348887012118385
233,6.998657499040876,9.521278810910946e-06,7.304992267063686,2.277433020727975,5.537671497889927,1.6729039805276054,3.333074376696632,2.395555950346447,5.864886090868995,1.6923831218764895,3.3526860078175864
234,7.005308401016962,9.521278810910946e-06,7.358651501791818,2.4256280944460915,5.8221462567647295,1.668905530657087,3.3371286278679255,2.3854468095870245,5.983840386072795,1.710116099743616,3.3890287024634227
235,6.9909709975832985,9.521278810910946e-06,7.20109376453218,2.4021738029661632,5.841678142547607,1.6714536803109306,3.3454856475194297,2.396943001520066,5.884935515267508,1.6780816969417391,3.337756100155058
236,7.025974568866548,9.521278810910946e-06,7.222236156463623,2.3333317722593034,5.721881525857108,1.6763426689874559,3.327280282974243,2.3713594334466115,5.862084865570068,1.6783054754847573,3.34112662928445
237,6.9930463291349865,9.521278810910946e-06,7.253897576105027,2.415765677179609,6.07103545325143,1.6701188342911857,3.3189115467525663,2.378365017118908,5.9012344678243,1.6743331239337014,3.3350938899176463
238,6.978623889741444,9.521278810910946e-06,7.276946045103527,2.4546423696336293,6.051151411873954,1.6743713901156472,3.3301518871670677,2.379608568691072,5.9166620799473355,1.689711326644534,3.3560107265199934
239,6.9406330699012395,9.521278810910946e-06,7.272241070157006,2.2959824743725004,5.4944009099687845,1.6648182414826893,3.3268493754523143,2.402040890284947,5.932850849060785,1.6955668812706357,3.3687643834522794
240,6.961462747483027,9.521278810910946e-06,7.249743075597854,2.425316708428519,5.864278668449039,1.6656622404143924,3.3148499613716487,2.3313391151882352,5.752126648312523,1.6867526798021226,3.3506285746892295
241,6.934779144468761,8.093086989274303e-06,7.157830033983503,2.341747107959929,5.75992921420506,1.6635687124161493,3.3075282743998935,2.360863583428519,5.847539481662569,1.669001627536047,3.332390830630348
242,6.982348987034389,8.093086989274303e-06,7.267235142844064,2.4963844957805814,6.196481545766194,1.6641115773291815,3.3205881062008085,2.307943866366432,5.637256622314453,1.6909068794477553,3.35846661953699
243,6.976751486460368,8.093086989274303e-06,7.099023137773786,2.380305704616365,5.995347113836379,1.6622816012019204,3.3099632603781566,2.380863768713815,5.937894242150443,1.6651395644460405,3.3216209525153753
244,6.949517511186146,8.093086989274303e-06,7.15882192339216,2.4590816724868048,5.998675845918202,1.6707012454668682,3.331790259906224,2.41094476268405,5.888690744127546,1.6766342662629627,3.346585444041661
245,6.909523555210659,8.093086989274303e-06,7.141828196389334,2.4238665785108293,6.194291512171428,1.6574445139794123,3.315041485286894,2.403481954619998,5.859663395654588,1.66981307665507,3.3398002953756425
246,6.949536709558396,8.093086989274303e-06,7.171259925478981,2.445760755311875,6.164576030912853,1.6647486005510603,3.3279672406968617,2.301186652410598,5.756236099061512,1.6787111986251104,3.3590405327933177
247,6.949462777092343,8.093086989274303e-06,7.221320106869652,2.339732539086115,5.925987663723173,1.6537469256491888,3.289630401702154,2.3477592979158675,5.768577325911749,1.6722112127712794,3.3313276370366416
248,6.89852694102696,8.093086989274303e-06,7.12934026264009,2.373293615522839,5.888708500635056,1.6607443009104048,3.3113243806929815,2.3657465321677074,5.839022341228667,1.6622326260521298,3.331074981462388
249,6.8999495052155995,8.093086989274303e-06,7.1196420306251165,2.410565137863159,5.984112398965018,1.6421048045158386,3.2993537528174266,2.333177242960249,5.746949218568348,1.663455503327506,3.324039550054641
250,6.8993278458004905,8.093086989274303e-06,7.088558219728016,2.3125482570557367,5.6008091654096335,1.650525260539282,3.2700210696174983,2.313328754334223,5.672075850622995,1.6580365754309154,3.3140136230559576
251,6.907813049498058,6.879123940883157e-06,7.125305130368187,2.308249343009222,5.852512949988956,1.6376766477312361,3.271460538818723,2.368134027435666,5.765637261526925,1.6650965327308291,3.32322283018203
252,6.87768614859808,6.879123940883157e-06,7.079493795122419,2.326874324253627,5.667215937659854,1.6533102648598808,3.312285894439334,2.3318055073420205,5.75908427011399,1.6497076607885814,3.3109915994462513
253,6.804240113212948,6.879123940883157e-06,7.124566044126238,2.370626477968125,5.905618883314586,1.6421638812337602,3.2816946790331887,2.3700446628388905,5.799926530747187,1.6591065327326457,3.31507332552047
254,6.872116985775175,6.879123940883157e-06,7.181614217304048,2.4975247780481973,6.137366408393497,1.644588297321683,3.2929027250834872,2.316707032067435,5.704460870651972,1.6718668341636658,3.335038809549241
255,6.850019046238491,6.879123940883157e-06,7.1098122369675405,2.360517910548619,5.818602164586385,1.640019416809082,3.273681782540821,2.3313220285233998,5.708987281436012,1.6590680082639058,3.3214061714354015
256,6.841254801977248,6.879123940883157e-06,7.18838103612264,2.280779321988424,5.746359802427746,1.649997441541581,3.295145097233,2.332705503418332,5.7114033699035645,1.656823183809008,3.303432362420218
257,6.854353291647775,6.879123940883157e-06,7.1331224214463,2.3593726328441074,5.942697275252569,1.6445665245964414,3.306856223515102,2.390335894766308,5.793232463655018,1.6660093296141851,3.322935075986953
258,6.79978102729434,6.879123940883157e-06,7.1663972082592196,2.4185575246810913,5.882625386828468,1.643981391475314,3.2626472484497797,2.3741815317244757,5.88911501566569,1.6628497697058178,3.3166744254884266
259,6.853349049886067,6.879123940883157e-06,7.036141883759272,2.4271787461780368,5.9808538527715776,1.634741689477648,3.2958140657061623,2.3562376839773997,5.9282228492555165,1.646598980540321,3.3049964620953514
260,6.782824766068232,6.879123940883157e-06,7.1314702942257835,2.468222453480675,6.000821204412551,1.6311218568256922,3.2786510160991122,2.357743427866981,5.789905264264061,1.6589589629854475,3.312179003443037
261,6.77791877019973,5.847255349750683e-06,7.1517864636012485,2.359730828376043,5.769516309102376,1.6367567891166324,3.2839221897579374,2.342129247529166,5.755592550550189,1.6583577706700279,3.3043728726250783
262,6.8504232452029274,5.847255349750683e-06,7.107878889356341,2.3240910314378285,5.776271615709577,1.6356107933180672,3.2992240701402937,2.3471131381534396,5.810134876342047,1.6564641566503615,3.308601112592788
263,6.8045798142751055,5.847255349750683e-06,7.024748768125262,2.4363297053745816,5.842416763305664,1.6262941360473633,3.244464840207781,2.3394782429649714,5.76782548995245,1.638406407265436,3.280218493370783
264,6.830766201019287,5.847255349750683e-06,7.0685073080517,2.483946754818871,5.957777590978713,1.6395705569358099,3.2910831769307456,2.382733861605326,5.833959783826556,1.651647184576307,3.303148939495995
265,6.808958030882335,5.847255349750683e-06,7.006606828598749,2.33718927133651,5.621889920461745,1.6331099612372262,3.277971625328064,2.3691396486191523,5.898981332778931,1.6366839096659707,3.283480417160761
266,6.741372528530302,5.847255349750683e-06,7.023821898869106,2.4316721984318326,5.753194491068522,1.629166725135985,3.26435349101112,2.328488060406276,5.735916069575718,1.6372036650067283,3.2791227953774587
267,6.795141560690744,5.847255349750683e-06,7.0419244312104725,2.265131746019636,5.670561858585903,1.632243661653428,3.277638792991638,2.325111741111392,5.7444621948968795,1.6389271191188268,3.2817164091836837
268,6.766127495538621,5.847255349750683e-06,6.95435449055263,2.3365982203256515,5.918507439749582,1.6270590708369301,3.2676033406030562,2.3263523294812156,5.754480021340506,1.6292771640278043,3.2785209871473766
269,6.829799107142857,5.847255349750683e-06,7.027304081689744,2.3746696824119207,5.921749569120861,1.6286629977680387,3.294365956669762,2.3112393617630005,5.73361661320641,1.6435343367712838,3.302236732982454
270,6.757322731472197,5.847255349750683e-06,7.02556662332444,2.337101448149908,5.780530225662958,1.6268415848414104,3.2722004027593705,2.3334477685746693,5.770317849658785,1.6379727721214294,3.286060952004932
271,6.749999205271403,4.970167047288081e-06,6.931025959196544,2.4454364208948043,5.717070795240856,1.6296137940315973,3.2635278701782227,2.326702878588722,5.737842151096889,1.6290165015629359,3.2768603336243403
272,6.773993151528495,4.970167047288081e-06,7.087812276113601,2.2846925542468117,5.7522665318988615,1.6201853127706618,3.245460487547375,2.314301394280933,5.726368109385173,1.649986017317999,3.3002302930468606
273,6.70054985228039,4.970167047288081e-06,6.966007675443377,2.4374835661479404,5.863706441152663,1.6182165372939337,3.2537048884800504,2.3112022138777233,5.607552278609503,1.6295109646660941,3.2712895359311784
274,6.754154125849406,4.970167047288081e-06,7.011221068246024,2.3681640625,5.86691815512521,1.626967089516776,3.2617015952155706,2.303729000545683,5.733243601662772,1.6441464566049122,3.298554988134475
275,6.74704849152338,4.970167047288081e-06,6.971998033069429,2.379850154831296,5.864482153029669,1.625298173654647,3.261232784816197,2.3003708578291393,5.670488766261509,1.640110208874657,3.282314726284572
276,6.732590425582159,4.970167047288081e-06,6.958230813344319,2.265624131475176,5.6638858545394175,1.6160676223891122,3.2333646501813615,2.298922578493754,5.647151924314953,1.635235723995027,3.285197388558161
277,6.741215172268095,4.970167047288081e-06,6.989381256557646,2.389608417238508,5.648767755145118,1.6198781444912864,3.2390939508165633,2.314213673273722,5.609819026220412,1.6407972744532995,3.289467448279971
278,6.768488111950102,4.970167047288081e-06,6.957814909162975,2.47883597442082,5.822400297437396,1.6314617139952523,3.2864028839837935,2.3189977748053416,5.649255684443882,1.6331652998924255,3.2751075880868092
279,6.69691633042835,4.970167047288081e-06,6.985264641898019,2.445607276189895,5.850762049357097,1.6175997200466337,3.245919108390808,2.313745101292928,5.632178283873058,1.631724170276097,3.268163658323742
280,6.670922392890567,4.970167047288081e-06,7.025778225490025,2.4714703276043846,6.036952926999047,1.613124362060002,3.2229221832184565,2.2699676808856784,5.585040796370733,1.6368247412499928,3.2733259825479415
281,6.721918378557477,4.224641990194869e-06,6.924754483359201,2.396959446725391,5.672581309363956,1.616654166153499,3.243620758964902,2.3771190586544217,5.864773750305176,1.627077573821658,3.266197823342823
282,6.73477890377953,4.224641990194869e-06,6.992621421813965,2.3434123482022966,5.763326009114583,1.6181848815509252,3.239285463378543,2.261508794057937,5.574676229840233,1.6376550878797258,3.2771122682662237
283,6.7015733151208785,4.224641990194869e-06,6.961364541734968,2.3356842427026656,5.799126148223877,1.6231251586051214,3.256405240013486,2.334519931248256,5.819022621427264,1.629036355586279,3.2679152204876853
284,6.720022439956665,4.224641990194869e-06,6.958762691134498,2.2119856902531216,5.352983395258586,1.6136788697469802,3.2357399350120906,2.3437358935674033,5.794823271887643,1.6308084584417797,3.269274041766212
285,6.642729168846493,4.224641990194869e-06,6.9792051542372935,2.266607857885815,5.664111273629325,1.6087957592237563,3.2406675191152665,2.320809182666597,5.6754171167101175,1.6361222948346819,3.2683175007502236
286,6.776236761183966,4.224641990194869e-06,6.9083724703107565,2.3082858551116217,5.5914175396873835,1.6211534710157485,3.236004568281628,2.317589975538708,5.623070330846877,1.631325281801678,3.272170662879944
287,6.682978016989572,4.224641990194869e-06,6.987755741391863,2.3162789742151895,5.570100704828898,1.608730741909572,3.2355798142296925,2.350985668954395,5.722803104491461,1.6377587062971932,3.2784820000330606
288,6.728938397907076,4.224641990194869e-06,6.967019240061442,2.4783343360537575,6.164405345916748,1.6213836783454532,3.250755849338713,2.3223949443726313,5.68232908703032,1.626892816452753,3.261510269982474
289,6.700656924928937,4.224641990194869e-06,7.019163767496745,2.2806309518359957,5.629372732979911,1.607976306052435,3.2383964288802374,2.301002933865502,5.6480635688418435,1.634514848391215,3.276801449911935
290,6.697097608021328,4.224641990194869e-06,6.916479474022275,2.3864006655556813,5.795361677805583,1.619293212890625,3.232558806737264,2.322892944018046,5.689562933785575,1.6184213445300148,3.2520687069211687
291,6.703913166409447,3.5909456916656383e-06,7.057577519189744,2.2757186321985152,5.551653089977446,1.6064283876192003,3.2150189876556396,2.29287436462584,5.666702418100266,1.6395936012268066,3.2841111478351412
292,6.683095773061116,3.5909456916656383e-06,6.901327927907308,2.345965345700582,5.790826218468802,1.614014256568182,3.2354166961851574,2.3024707975841703,5.688556727908907,1.6215146269117082,3.258483296348935
293,6.6517275628589445,3.5909456916656383e-06,6.965606734866188,2.293276241847447,5.689237583251226,1.596056994937715,3.2001087268193564,2.2462724901380993,5.599795852388654,1.6278857475235349,3.268716335296631
294,6.707477910178048,3.5909456916656383e-06,6.927428608848935,2.416292911484128,5.763969796044486,1.612154952117375,3.2465279329390753,2.3010650475819907,5.668693235942295,1.6248467309134347,3.263112783432007
295,6.702855314527239,3.5909456916656383e-06,6.9570456232343405,2.417151927947998,5.781505403064546,1.6052525384085519,3.2424241361163912,2.3157115209670294,5.661812384923299,1.6294930889492942,3.267799048196702
296,6.718673865000407,3.5909456916656383e-06,6.926163889112926,2.3244682323364985,5.715606144496372,1.6093671009654091,3.238628041176569,2.2801000504266646,5.607406945455642,1.6254746544928778,3.260408339046297
297,6.647451718648274,3.5909456916656383e-06,6.9537998381115145,2.3768080586478826,5.606025866099766,1.6112990095501853,3.2434177852812267,2.2660650525774275,5.561523426146734,1.6287291844685872,3.2635057199568975
298,6.63205455598377,3.5909456916656383e-06,6.949355670383999,2.3194303399040583,5.672372159503755,1.6044410438764662,3.2371981257484075,2.308924754460653,5.68281348546346,1.6264282379831587,3.2584531477519443
299,6.68879831404913,3.5909456916656383e-06,7.001297598793393,2.3452327648798623,5.664540449778239,1.6074094346591405,3.213647927556719,2.315732490448725,5.7075687022436234,1.630170186360677,3.2614893515904746
300,6.658360583441598,3.5909456916656383e-06,6.914955252692813,2.39710503532773,5.867789949689593,1.6017660214787437,3.2149986028671265,2.283876668839228,5.640719618116107,1.6191035140128363,3.2528865450904485
